{"Model":{"33":"IITM-ESM","29":"GISS-E2-2-G","49":"NorESM2-MM","48":"NorESM2-LM","41":"MIROC6","27":"GISS-E2-1-G","26":"GFDL-ESM4","40":"MIROC-ES2L","30":"GISS-E2-2-H","24":"FGOALS-g3","42":"MPI-ESM-1-2-HAM","43":"MPI-ESM1-2-HR","23":"FGOALS-f3-L","3":"BCC-CSM2-MR","44":"MPI-ESM1-2-LR","47":"NorCPM1","28":"GISS-E2-1-H","45":"MRI-ESM2-0","2":"AWI-CM-1-1-MR","4":"BCC-ESM1","11":"CMCC-CM2-SR5","12":"CMCC-ESM2","50":"SAM0-UNICON","36":"IPSL-CM5A2-INCA","19":"EC-Earth3-AerChem","1":"ACCESS-ESM1-5","25":"GFDL-CM4"},"ECS":{"33":2.368209688,"29":2.4263886366,"49":2.4867715801,"48":2.563222929,"41":2.6017909697,"27":2.6350848378,"26":2.6493263184,"40":2.6605264352,"30":2.6801194155,"24":2.8703298529,"42":2.9544855619,"43":2.9797516932,"23":2.9809530453,"3":3.0193806982,"44":3.0254401947,"47":3.0317257209,"28":3.1173410787,"45":3.1327957129,"2":3.1605068525,"4":3.2547200387,"11":3.5533481066,"12":3.5768891865,"50":3.7228789303,"36":3.8166951336,"19":3.8686131128,"1":3.8839034758,"25":3.8901252417},"density":{"33":0.2275937618,"29":0.2418337193,"49":0.2556365836,"48":0.2712492316,"41":0.2781845618,"27":0.2836045399,"26":0.2857542365,"40":0.2873717526,"30":0.2900436085,"24":0.3050265649,"42":0.3053934941,"43":0.3048247879,"23":0.3047904748,"3":0.3033625114,"44":0.3030812412,"47":0.3027741269,"28":0.2972050212,"45":0.2959640024,"2":0.2935963861,"4":0.2845875506,"11":0.2579884256,"12":0.2566048262,"50":0.2513637357,"36":0.2509254864,"19":0.2515225052,"1":0.2517953476,"25":0.2519178544},"weight":{"33":1.6054388436,"29":1.713170906,"49":1.8078963469,"48":1.902054157,"41":1.9388249666,"27":1.9650156772,"26":1.9745743215,"40":1.9814799145,"30":1.9921895512,"24":2.0217334791,"42":2.0083513723,"43":2.0020452976,"23":2.001718096,"3":1.9897234436,"44":1.9875765594,"47":1.9852250451,"28":1.9449193816,"45":1.9359995098,"2":1.9188421652,"4":1.8508505687,"11":1.5246897333,"12":1.4898907439,"50":1.2690329091,"36":1.1252467539,"19":1.0457367375,"1":1.0224955681,"25":1.0130815028},"new_density":{"33":0.3653878657,"29":0.414302492,"49":0.4621644457,"48":0.5159307285,"41":0.5393511737,"27":0.557287367,"26":0.5642429776,"40":0.5694213558,"30":0.5778218461,"24":0.6166824182,"42":0.613337443,"43":0.6102730331,"23":0.6101046088,"3":0.6036075008,"44":0.6023971705,"47":0.6010747797,"28":0.5780398061,"45":0.5729861636,"2":0.5633651252,"4":0.5267290298,"11":0.3933523039,"12":0.3823131554,"50":0.3189888528,"36":0.2823530891,"19":0.263026324,"1":0.257459627,"25":0.2552133185}}